<?xml version="1.0"?>
<doc>
    <assembly>
        <name>Xamarin.Messaging.Client</name>
    </assembly>
    <members>
        <member name="M:Xamarin.Messaging.Client.ApplicationMessageBuilder.GetMessage">
            <exception cref="T:Xamarin.Messaging.Exceptions.MessagingException">MessagingException</exception>
        </member>
        <member name="T:Xamarin.Messaging.Client.DecoratingTraceListener">
            <summary>
            A trace listener decorator to be used as a base class.
            </summary>
            <devdoc>
            We don't override everything virtual in TraceListener, but 
            rather only the members that are used in the Tracer and 
            are potentially useful (i.e. <see cref="M:Xamarin.Messaging.Client.DecoratingTraceListener.Close"/>). 
            The Write overloads in particular all end up calling the 
            two abstract Write/WriteLine in the base TraceListener, 
            so that's the only thing we forward, since it's a required 
            contract that we don't want to repeat in each specific 
            decorator.
            </devdoc>
        </member>
        <member name="M:Xamarin.Messaging.Client.DecoratingTraceListener.#ctor(System.Diagnostics.TraceListener)">
            <summary>
            Initializes a new instance of the <see cref="T:Xamarin.Messaging.Client.DecoratingTraceListener"/> class.
            </summary>
            <param name="innerListener">The inner listener to perform tracing through.</param>
        </member>
        <member name="P:Xamarin.Messaging.Client.DecoratingTraceListener.InnerListener">
            <summary>
            Gets the inner listener specified in the constructor.
            </summary>
        </member>
        <member name="T:Xamarin.Messaging.Client.SystemTraceListener">
            <summary>
            A trace listener decorator that filters out trace events with 
            messages starting with <see cref="F:Xamarin.Messaging.Diagnostics.UserTraceExtensions.MessagePrefix"/>.
            </summary>
        </member>
        <member name="M:Xamarin.Messaging.Client.SystemTraceListener.#ctor(System.Diagnostics.TraceListener)">
            <summary>
            Initializes a new instance of the <see cref="T:Xamarin.Messaging.Client.SystemTraceListener"/> class.
            </summary>
            <param name="innerListener">The inner listener to perform tracing through.</param>
        </member>
        <member name="M:Xamarin.Messaging.Client.SystemTraceListener.TraceEvent(System.Diagnostics.TraceEventCache,System.String,System.Diagnostics.TraceEventType,System.Int32,System.String,System.Object[])">
            <summary>
            Traces the event if it's not a user trace event.
            </summary>
        </member>
        <member name="M:Xamarin.Messaging.Client.SystemTraceListener.TraceEvent(System.Diagnostics.TraceEventCache,System.String,System.Diagnostics.TraceEventType,System.Int32,System.String)">
            <summary>
            Traces the event if it's not a user trace event.
            </summary>
        </member>
        <member name="M:Xamarin.Messaging.Client.ApplicationMessageExtensions.OfMessage``1(System.IObservable{System.Net.Mqtt.MqttApplicationMessage},Xamarin.Messaging.Client.Serialization.IMessagingSerializer,System.Func{System.Net.Mqtt.MqttApplicationMessage,System.Boolean})">
            <exception cref="T:System.TimeoutException">TimeoutException</exception>
        </member>
        <member name="M:Xamarin.Messaging.Client.ApplicationMessageExtensions.OfRequest``1(System.IObservable{System.Net.Mqtt.MqttApplicationMessage},Xamarin.Messaging.Client.Serialization.IMessagingSerializer,System.Func{System.Net.Mqtt.MqttApplicationMessage,System.Boolean})">
            <exception cref="T:System.TimeoutException">TimeoutException</exception>
        </member>
        <member name="M:Xamarin.Messaging.Client.ApplicationMessageExtensions.OfResponse``1(System.IObservable{System.Net.Mqtt.MqttApplicationMessage},Xamarin.Messaging.Client.Serialization.IMessagingSerializer,System.Guid)">
            <exception cref="T:System.TimeoutException">TimeoutException</exception>
        </member>
        <member name="M:Xamarin.Messaging.Client.ApplicationMessageExtensions.OfError(System.IObservable{System.Net.Mqtt.MqttApplicationMessage},Xamarin.Messaging.Client.Serialization.IMessagingSerializer,System.Func{System.Net.Mqtt.MqttApplicationMessage,System.Boolean})">
            <exception cref="T:System.TimeoutException">TimeoutException</exception>
        </member>
        <member name="M:Xamarin.Messaging.Client.IMessagingClientExtensions.SendAsync``1(Xamarin.Messaging.Client.IMessagingClient,System.String,Xamarin.Messaging.MessagePriority,System.Boolean,System.Guid)">
            <exception cref="!:MessagingException">MessagingException</exception>
        </member>
        <member name="M:Xamarin.Messaging.Client.IMessagingClientExtensions.SendAsync``1(Xamarin.Messaging.Client.IMessagingClient,System.String,System.Boolean,System.Guid)">
            <exception cref="!:MessagingException">MessagingException</exception>
        </member>
        <member name="M:Xamarin.Messaging.Client.IMessagingClientExtensions.SendAsync``1(Xamarin.Messaging.Client.IMessagingClient,System.Boolean,System.Guid)">
            <exception cref="!:MessagingException">MessagingException</exception>
        </member>
        <member name="M:Xamarin.Messaging.Client.IMessagingClientExtensions.PostAsync``2(Xamarin.Messaging.Client.IMessagingClient,System.String,Xamarin.Messaging.MessagePriority,System.Boolean,System.Int32)">
            <exception cref="!:MessagingException">MessagingException</exception>
            <exception cref="!:ReceiverNotFoundException">ReceiverNotFoundException</exception>
            <exception cref="!:ClientDisconnectedException">ClientDisconnectedException</exception>
            <exception cref="!:MessagingRemoteException">MessagingRemoteException</exception>
        </member>
        <member name="M:Xamarin.Messaging.Client.IMessagingClientExtensions.PostAsync``2(Xamarin.Messaging.Client.IMessagingClient,System.String,Xamarin.Messaging.MessagePriority,System.Threading.CancellationToken,System.Boolean,System.Int32)">
            <exception cref="!:MessagingException">MessagingException</exception>
            <exception cref="!:ReceiverNotFoundException">ReceiverNotFoundException</exception>
            <exception cref="!:ClientDisconnectedException">ClientDisconnectedException</exception>
            <exception cref="!:MessagingRemoteException">MessagingRemoteException</exception>
        </member>
        <member name="M:Xamarin.Messaging.Client.IMessagingClientExtensions.PostAsync``2(Xamarin.Messaging.Client.IMessagingClient,System.String,System.Boolean,System.Int32)">
            <exception cref="!:MessagingException">MessagingException</exception>
            <exception cref="!:ReceiverNotFoundException">ReceiverNotFoundException</exception>
            <exception cref="!:ClientDisconnectedException">ClientDisconnectedException</exception>
            <exception cref="!:MessagingRemoteException">MessagingRemoteException</exception>
        </member>
        <member name="M:Xamarin.Messaging.Client.IMessagingClientExtensions.PostAsync``2(Xamarin.Messaging.Client.IMessagingClient,System.String,System.Threading.CancellationToken,System.Boolean,System.Int32)">
            <exception cref="!:MessagingException">MessagingException</exception>
            <exception cref="!:ReceiverNotFoundException">ReceiverNotFoundException</exception>
            <exception cref="!:ClientDisconnectedException">ClientDisconnectedException</exception>
            <exception cref="!:MessagingRemoteException">MessagingRemoteException</exception>
        </member>
        <member name="M:Xamarin.Messaging.Client.IMessagingClientExtensions.PostAsync``2(Xamarin.Messaging.Client.IMessagingClient,System.Boolean,System.Int32)">
            <exception cref="!:MessagingException">MessagingException</exception>
            <exception cref="!:ReceiverNotFoundException">ReceiverNotFoundException</exception>
            <exception cref="!:ClientDisconnectedException">ClientDisconnectedException</exception>
            <exception cref="!:MessagingRemoteException">MessagingRemoteException</exception>
        </member>
        <member name="M:Xamarin.Messaging.Client.IMessagingClientExtensions.PostAsync``2(Xamarin.Messaging.Client.IMessagingClient,System.Threading.CancellationToken,System.Boolean,System.Int32)">
            <exception cref="!:MessagingException">MessagingException</exception>
            <exception cref="!:ReceiverNotFoundException">ReceiverNotFoundException</exception>
            <exception cref="!:ClientDisconnectedException">ClientDisconnectedException</exception>
            <exception cref="!:MessagingRemoteException">MessagingRemoteException</exception>
        </member>
        <member name="M:Xamarin.Messaging.Client.IMessagingClientExtensions.PostAsync``1(Xamarin.Messaging.Client.IMessagingClient,System.String,Xamarin.Messaging.MessagePriority,System.Boolean,System.Int32)">
            <exception cref="!:MessagingException">MessagingException</exception>
            <exception cref="!:ReceiverNotFoundException">ReceiverNotFoundException</exception>
            <exception cref="!:ClientDisconnectedException">ClientDisconnectedException</exception>
            <exception cref="!:MessagingRemoteException">MessagingRemoteException</exception>
        </member>
        <member name="M:Xamarin.Messaging.Client.IMessagingClientExtensions.PostAsync``1(Xamarin.Messaging.Client.IMessagingClient,System.String,Xamarin.Messaging.MessagePriority,System.Threading.CancellationToken,System.Boolean,System.Int32)">
            <exception cref="!:MessagingException">MessagingException</exception>
            <exception cref="!:ReceiverNotFoundException">ReceiverNotFoundException</exception>
            <exception cref="!:ClientDisconnectedException">ClientDisconnectedException</exception>
            <exception cref="!:MessagingRemoteException">MessagingRemoteException</exception>
        </member>
        <member name="M:Xamarin.Messaging.Client.IMessagingClientExtensions.PostAsync``1(Xamarin.Messaging.Client.IMessagingClient,System.String,System.Boolean,System.Int32)">
            <exception cref="!:MessagingException">MessagingException</exception>
            <exception cref="!:ReceiverNotFoundException">ReceiverNotFoundException</exception>
            <exception cref="!:ClientDisconnectedException">ClientDisconnectedException</exception>
            <exception cref="!:MessagingRemoteException">MessagingRemoteException</exception>
        </member>
        <member name="M:Xamarin.Messaging.Client.IMessagingClientExtensions.PostAsync``1(Xamarin.Messaging.Client.IMessagingClient,System.String,System.Threading.CancellationToken,System.Boolean,System.Int32)">
            <exception cref="!:MessagingException">MessagingException</exception>
            <exception cref="!:ReceiverNotFoundException">ReceiverNotFoundException</exception>
            <exception cref="!:ClientDisconnectedException">ClientDisconnectedException</exception>
            <exception cref="!:MessagingRemoteException">MessagingRemoteException</exception>
        </member>
        <member name="M:Xamarin.Messaging.Client.IMessagingClientExtensions.PostAsync``1(Xamarin.Messaging.Client.IMessagingClient,System.Boolean,System.Int32)">
            <exception cref="!:MessagingException">MessagingException</exception>
            <exception cref="!:ReceiverNotFoundException">ReceiverNotFoundException</exception>
            <exception cref="!:ClientDisconnectedException">ClientDisconnectedException</exception>
            <exception cref="!:MessagingRemoteException">MessagingRemoteException</exception>
        </member>
        <member name="M:Xamarin.Messaging.Client.IMessagingClientExtensions.PostAsync``1(Xamarin.Messaging.Client.IMessagingClient,System.Threading.CancellationToken,System.Boolean,System.Int32)">
            <exception cref="!:MessagingException">MessagingException</exception>
            <exception cref="!:ReceiverNotFoundException">ReceiverNotFoundException</exception>
            <exception cref="!:ClientDisconnectedException">ClientDisconnectedException</exception>
            <exception cref="!:MessagingRemoteException">MessagingRemoteException</exception>
        </member>
        <member name="T:Xamarin.Messaging.Client.DefaultHandler`1">
            <summary>
            Provides a default (empty) implementation for request handlers
            It's useful for components that need to listen messages and execute some logic when the handler is executed
            by subscribing to the Handled event
            </summary>
            <typeparam name="TMessage"></typeparam>
        </member>
        <member name="T:Xamarin.Messaging.Client.DefaultHandler`2">
            <summary>
            Provides a default (empty) implementation for request handlers
            It's useful for components that need to listen messages and execute some logic when the handler is executed
            by subscribing to the Handled event
            </summary>
            <typeparam name="TMessage"></typeparam>
            <typeparam name="TResult"></typeparam>
        </member>
        <member name="M:Xamarin.Messaging.Client.IApplicationMessageBuilder.GetMessage">
            <exception cref="!:MessagingException">MessagingException</exception>
        </member>
        <member name="M:Xamarin.Messaging.Client.IMessagingClient.SendAsync``1(``0,System.String,Xamarin.Messaging.MessagePriority,System.Boolean,System.Guid)">
            <exception cref="!:MessagingException">MessagingException</exception>
        </member>
        <member name="M:Xamarin.Messaging.Client.IMessagingClient.SendAsync``1(``0,System.String,System.Boolean,System.Guid)">
            <exception cref="!:MessagingException">MessagingException</exception>
        </member>
        <member name="M:Xamarin.Messaging.Client.IMessagingClient.SendAsync``1(``0,System.Boolean,System.Guid)">
            <exception cref="!:MessagingException">MessagingException</exception>
        </member>
        <member name="M:Xamarin.Messaging.Client.IMessagingClient.PostAsync``2(``0,System.String,Xamarin.Messaging.MessagePriority,System.Boolean,System.Int32)">
            <exception cref="!:MessagingException">MessagingException</exception>
            <exception cref="!:ReceiverNotFoundException">ReceiverNotFoundException</exception>
            <exception cref="!:ClientDisconnectedException">ClientDisconnectedException</exception>
            <exception cref="!:MessagingRemoteException">MessagingRemoteException</exception>
        </member>
        <member name="M:Xamarin.Messaging.Client.IMessagingClient.PostAsync``2(``0,System.String,Xamarin.Messaging.MessagePriority,System.Threading.CancellationToken,System.Boolean,System.Int32)">
            <exception cref="!:MessagingException">MessagingException</exception>
            <exception cref="!:ReceiverNotFoundException">ReceiverNotFoundException</exception>
            <exception cref="!:ClientDisconnectedException">ClientDisconnectedException</exception>
            <exception cref="!:MessagingRemoteException">MessagingRemoteException</exception>
        </member>
        <member name="M:Xamarin.Messaging.Client.IMessagingClient.PostAsync``2(``0,System.String,System.Boolean,System.Int32)">
            <exception cref="!:MessagingException">MessagingException</exception>
            <exception cref="!:ReceiverNotFoundException">ReceiverNotFoundException</exception>
            <exception cref="!:ClientDisconnectedException">ClientDisconnectedException</exception>
            <exception cref="!:MessagingRemoteException">MessagingRemoteException</exception>
        </member>
        <member name="M:Xamarin.Messaging.Client.IMessagingClient.PostAsync``2(``0,System.String,System.Threading.CancellationToken,System.Boolean,System.Int32)">
            <exception cref="!:MessagingException">MessagingException</exception>
            <exception cref="!:ReceiverNotFoundException">ReceiverNotFoundException</exception>
            <exception cref="!:ClientDisconnectedException">ClientDisconnectedException</exception>
            <exception cref="!:MessagingRemoteException">MessagingRemoteException</exception>
        </member>
        <member name="M:Xamarin.Messaging.Client.IMessagingClient.PostAsync``2(``0,System.Boolean,System.Int32)">
            <exception cref="!:MessagingException">MessagingException</exception>
            <exception cref="!:ReceiverNotFoundException">ReceiverNotFoundException</exception>
            <exception cref="!:ClientDisconnectedException">ClientDisconnectedException</exception>
            <exception cref="!:MessagingRemoteException">MessagingRemoteException</exception>
        </member>
        <member name="M:Xamarin.Messaging.Client.IMessagingClient.PostAsync``2(``0,System.Threading.CancellationToken,System.Boolean,System.Int32)">
            <exception cref="!:MessagingException">MessagingException</exception>
            <exception cref="!:ReceiverNotFoundException">ReceiverNotFoundException</exception>
            <exception cref="!:ClientDisconnectedException">ClientDisconnectedException</exception>
            <exception cref="!:MessagingRemoteException">MessagingRemoteException</exception>
        </member>
        <member name="M:Xamarin.Messaging.Client.IMessagingClient.PostAsync``1(``0,System.String,Xamarin.Messaging.MessagePriority,System.Boolean,System.Int32)">
            <exception cref="!:MessagingException">MessagingException</exception>
            <exception cref="!:ReceiverNotFoundException">ReceiverNotFoundException</exception>
            <exception cref="!:ClientDisconnectedException">ClientDisconnectedException</exception>
            <exception cref="!:MessagingRemoteException">MessagingRemoteException</exception>
        </member>
        <member name="M:Xamarin.Messaging.Client.IMessagingClient.PostAsync``1(``0,System.String,Xamarin.Messaging.MessagePriority,System.Threading.CancellationToken,System.Boolean,System.Int32)">
            <exception cref="!:MessagingException">MessagingException</exception>
            <exception cref="!:ReceiverNotFoundException">ReceiverNotFoundException</exception>
            <exception cref="!:ClientDisconnectedException">ClientDisconnectedException</exception>
            <exception cref="!:MessagingRemoteException">MessagingRemoteException</exception>
        </member>
        <member name="M:Xamarin.Messaging.Client.IMessagingClient.PostAsync``1(``0,System.String,System.Boolean,System.Int32)">
            <exception cref="!:MessagingException">MessagingException</exception>
            <exception cref="!:ReceiverNotFoundException">ReceiverNotFoundException</exception>
            <exception cref="!:ClientDisconnectedException">ClientDisconnectedException</exception>
            <exception cref="!:MessagingRemoteException">MessagingRemoteException</exception>
        </member>
        <member name="M:Xamarin.Messaging.Client.IMessagingClient.PostAsync``1(``0,System.String,System.Threading.CancellationToken,System.Boolean,System.Int32)">
            <exception cref="!:MessagingException">MessagingException</exception>
            <exception cref="!:ReceiverNotFoundException">ReceiverNotFoundException</exception>
            <exception cref="!:ClientDisconnectedException">ClientDisconnectedException</exception>
            <exception cref="!:MessagingRemoteException">MessagingRemoteException</exception>
        </member>
        <member name="M:Xamarin.Messaging.Client.IMessagingClient.PostAsync``1(``0,System.Boolean,System.Int32)">
            <exception cref="!:MessagingException">MessagingException</exception>
            <exception cref="!:ReceiverNotFoundException">ReceiverNotFoundException</exception>
            <exception cref="!:ClientDisconnectedException">ClientDisconnectedException</exception>
            <exception cref="!:MessagingRemoteException">MessagingRemoteException</exception>
        </member>
        <member name="M:Xamarin.Messaging.Client.IMessagingClient.PostAsync``1(``0,System.Threading.CancellationToken,System.Boolean,System.Int32)">
            <exception cref="!:MessagingException">MessagingException</exception>
            <exception cref="!:ReceiverNotFoundException">ReceiverNotFoundException</exception>
            <exception cref="!:ClientDisconnectedException">ClientDisconnectedException</exception>
            <exception cref="!:MessagingRemoteException">MessagingRemoteException</exception>
        </member>
        <member name="M:Xamarin.Messaging.Client.IMessagingClient.ReplyAsync``2(Xamarin.Messaging.Client.IRequest{``0},Xamarin.Messaging.MessagePriority,System.Func{System.Threading.Tasks.Task{``1}})">
            <exception cref="!:MessagingException">MessagingException</exception>
        </member>
        <member name="M:Xamarin.Messaging.Client.IMessagingClient.ReplyAsync``2(Xamarin.Messaging.Client.IRequest{``0},System.Func{System.Threading.Tasks.Task{``1}})">
            <exception cref="!:MessagingException">MessagingException</exception>
        </member>
        <member name="M:Xamarin.Messaging.Client.IMessagingClient.ReplyAsync``1(Xamarin.Messaging.Client.IRequest{``0},Xamarin.Messaging.MessagePriority,System.Func{System.Threading.Tasks.Task})">
            <exception cref="!:MessagingException">MessagingException</exception>
        </member>
        <member name="M:Xamarin.Messaging.Client.IMessagingClient.ReplyAsync``1(Xamarin.Messaging.Client.IRequest{``0},System.Func{System.Threading.Tasks.Task})">
            <exception cref="!:MessagingException">MessagingException</exception>
        </member>
        <member name="M:Xamarin.Messaging.Client.IMessagingClient.ThrowAsync``1(``0)">
            <exception cref="!:MessagingException">MessagingException</exception>
        </member>
        <member name="M:Xamarin.Messaging.Client.IMessagingConnection.ConnectAsync(System.Boolean)">
            <exception cref="!:MessagingException">MessagingException</exception>
        </member>
        <member name="M:Xamarin.Messaging.Client.IMessagingConnection.DisconnectAsync">
            <exception cref="T:System.TimeoutException">TimeoutException</exception>
        </member>
        <member name="M:Xamarin.Messaging.Client.IMessagingReceiver.GetMessageReceiverAsync``1(System.String,Xamarin.Messaging.MessagePriority)">
            <exception cref="!:MessagingException">MessagingException</exception>
        </member>
        <member name="M:Xamarin.Messaging.Client.IMessagingReceiver.GetMessageReceiverAsync``1(System.String)">
            <exception cref="!:MessagingException">MessagingException</exception>
        </member>
        <member name="M:Xamarin.Messaging.Client.IMessagingReceiver.GetMessageReceiverAsync``1">
            <exception cref="!:MessagingException">MessagingException</exception>
        </member>
        <member name="M:Xamarin.Messaging.Client.IMessagingReceiver.GetRequestReceiverAsync``1(System.String,Xamarin.Messaging.MessagePriority)">
            <exception cref="!:MessagingException">MessagingException</exception>
        </member>
        <member name="M:Xamarin.Messaging.Client.IMessagingReceiver.GetRequestReceiverAsync``1(System.String)">
            <exception cref="!:MessagingException">MessagingException</exception>
        </member>
        <member name="M:Xamarin.Messaging.Client.IMessagingReceiver.GetRequestReceiverAsync``1">
            <exception cref="!:MessagingException">MessagingException</exception>
        </member>
        <member name="M:Xamarin.Messaging.Client.IMessagingReceiver.GetResponseReceiver``1(System.String,System.String,System.Guid,Xamarin.Messaging.MessagePriority)">
            <exception cref="!:MessagingException">MessagingException</exception>
        </member>
        <member name="M:Xamarin.Messaging.Client.IMessagingReceiver.GetResponseReceiver``1(System.String,System.String,System.Guid)">
            <exception cref="!:MessagingException">MessagingException</exception>
        </member>
        <member name="M:Xamarin.Messaging.Client.IMessagingReceiver.GetLastWillReceiverAsync">
            <exception cref="!:MessagingException">MessagingException</exception>
        </member>
        <member name="M:Xamarin.Messaging.Client.IMessagingReceiver.GetExceptionReceiverAsync(System.String)">
            <exception cref="!:MessagingException">MessagingException</exception>
        </member>
        <member name="M:Xamarin.Messaging.Client.IMessagingReceiver.GetExceptionReceiverAsync">
            <exception cref="!:MessagingException">MessagingException</exception>
        </member>
        <member name="M:Xamarin.Messaging.Client.ITopicSubscriber.SubscribeAsync(System.String,Xamarin.Messaging.MessagePriority)">
            <exception cref="!:MessagingException">MessagingException</exception>
        </member>
        <member name="M:Xamarin.Messaging.Client.ITopicSubscriber.UnsubscribeAsync(System.String)">
            <exception cref="!:MessagingException">MessagingException</exception>
        </member>
        <member name="P:Xamarin.Messaging.Client.MessageHandlerManager.NotifyHandlerExecutionStatus">
            <summary>
            Gets or sets if the HandlerExecutionStatusMessage should be send before and after executing the handlers
            </summary>
        </member>
        <member name="M:Xamarin.Messaging.Client.MessagingClient.SendAsync``1(``0,System.String,System.Boolean,System.Guid)">
            <exception cref="T:Xamarin.Messaging.Exceptions.MessagingException">MessagingException</exception>
        </member>
        <member name="M:Xamarin.Messaging.Client.MessagingClient.SendAsync``1(``0,System.Boolean,System.Guid)">
            <exception cref="T:Xamarin.Messaging.Exceptions.MessagingException">MessagingException</exception>
        </member>
        <member name="M:Xamarin.Messaging.Client.MessagingClient.PostAsync``2(``0,System.String,Xamarin.Messaging.MessagePriority,System.Boolean,System.Int32)">
            <exception cref="T:Xamarin.Messaging.Exceptions.MessagingException">MessagingException</exception>
            <exception cref="T:Xamarin.Messaging.Exceptions.ReceiverNotFoundException">ReceiverNotFoundException</exception>
            <exception cref="T:Xamarin.Messaging.Exceptions.ClientDisconnectedException">ClientDisconnectedException</exception>
            <exception cref="T:Xamarin.Messaging.Exceptions.MessagingRemoteException">MessagingRemoteException</exception>
        </member>
        <member name="M:Xamarin.Messaging.Client.MessagingClient.PostAsync``2(``0,System.String,Xamarin.Messaging.MessagePriority,System.Threading.CancellationToken,System.Boolean,System.Int32)">
            <exception cref="T:Xamarin.Messaging.Exceptions.MessagingException">MessagingException</exception>
            <exception cref="T:Xamarin.Messaging.Exceptions.ReceiverNotFoundException">ReceiverNotFoundException</exception>
            <exception cref="T:Xamarin.Messaging.Exceptions.ClientDisconnectedException">ClientDisconnectedException</exception>
            <exception cref="T:Xamarin.Messaging.Exceptions.MessagingRemoteException">MessagingRemoteException</exception>
        </member>
        <member name="M:Xamarin.Messaging.Client.MessagingClient.PostAsync``2(``0,System.String,System.Boolean,System.Int32)">
            <exception cref="T:Xamarin.Messaging.Exceptions.MessagingException">MessagingException</exception>
            <exception cref="T:Xamarin.Messaging.Exceptions.ReceiverNotFoundException">ReceiverNotFoundException</exception>
            <exception cref="T:Xamarin.Messaging.Exceptions.ClientDisconnectedException">ClientDisconnectedException</exception>
            <exception cref="T:Xamarin.Messaging.Exceptions.MessagingRemoteException">MessagingRemoteException</exception>
        </member>
        <member name="M:Xamarin.Messaging.Client.MessagingClient.PostAsync``2(``0,System.String,System.Threading.CancellationToken,System.Boolean,System.Int32)">
            <exception cref="T:Xamarin.Messaging.Exceptions.MessagingException">MessagingException</exception>
            <exception cref="T:Xamarin.Messaging.Exceptions.ReceiverNotFoundException">ReceiverNotFoundException</exception>
            <exception cref="T:Xamarin.Messaging.Exceptions.ClientDisconnectedException">ClientDisconnectedException</exception>
            <exception cref="T:Xamarin.Messaging.Exceptions.MessagingRemoteException">MessagingRemoteException</exception>
        </member>
        <member name="M:Xamarin.Messaging.Client.MessagingClient.PostAsync``2(``0,System.Boolean,System.Int32)">
            <exception cref="T:Xamarin.Messaging.Exceptions.MessagingException">MessagingException</exception>
            <exception cref="T:Xamarin.Messaging.Exceptions.ReceiverNotFoundException">ReceiverNotFoundException</exception>
            <exception cref="T:Xamarin.Messaging.Exceptions.ClientDisconnectedException">ClientDisconnectedException</exception>
            <exception cref="T:Xamarin.Messaging.Exceptions.MessagingRemoteException">MessagingRemoteException</exception>
        </member>
        <member name="M:Xamarin.Messaging.Client.MessagingClient.PostAsync``2(``0,System.Threading.CancellationToken,System.Boolean,System.Int32)">
            <exception cref="T:Xamarin.Messaging.Exceptions.MessagingException">MessagingException</exception>
            <exception cref="T:Xamarin.Messaging.Exceptions.ReceiverNotFoundException">ReceiverNotFoundException</exception>
            <exception cref="T:Xamarin.Messaging.Exceptions.ClientDisconnectedException">ClientDisconnectedException</exception>
            <exception cref="T:Xamarin.Messaging.Exceptions.MessagingRemoteException">MessagingRemoteException</exception>
        </member>
        <member name="M:Xamarin.Messaging.Client.MessagingClient.PostAsync``1(``0,System.String,Xamarin.Messaging.MessagePriority,System.Boolean,System.Int32)">
            <exception cref="T:Xamarin.Messaging.Exceptions.MessagingException">MessagingException</exception>
            <exception cref="T:Xamarin.Messaging.Exceptions.ReceiverNotFoundException">ReceiverNotFoundException</exception>
            <exception cref="T:Xamarin.Messaging.Exceptions.ClientDisconnectedException">ClientDisconnectedException</exception>
            <exception cref="T:Xamarin.Messaging.Exceptions.MessagingRemoteException">MessagingRemoteException</exception>
        </member>
        <member name="M:Xamarin.Messaging.Client.MessagingClient.PostAsync``1(``0,System.String,Xamarin.Messaging.MessagePriority,System.Threading.CancellationToken,System.Boolean,System.Int32)">
            <exception cref="T:Xamarin.Messaging.Exceptions.MessagingException">MessagingException</exception>
            <exception cref="T:Xamarin.Messaging.Exceptions.ReceiverNotFoundException">ReceiverNotFoundException</exception>
            <exception cref="T:Xamarin.Messaging.Exceptions.ClientDisconnectedException">ClientDisconnectedException</exception>
            <exception cref="T:Xamarin.Messaging.Exceptions.MessagingRemoteException">MessagingRemoteException</exception>
        </member>
        <member name="M:Xamarin.Messaging.Client.MessagingClient.PostAsync``1(``0,System.String,System.Boolean,System.Int32)">
            <exception cref="T:Xamarin.Messaging.Exceptions.MessagingException">MessagingException</exception>
            <exception cref="T:Xamarin.Messaging.Exceptions.ReceiverNotFoundException">ReceiverNotFoundException</exception>
            <exception cref="T:Xamarin.Messaging.Exceptions.ClientDisconnectedException">ClientDisconnectedException</exception>
            <exception cref="T:Xamarin.Messaging.Exceptions.MessagingRemoteException">MessagingRemoteException</exception>
        </member>
        <member name="M:Xamarin.Messaging.Client.MessagingClient.PostAsync``1(``0,System.String,System.Threading.CancellationToken,System.Boolean,System.Int32)">
            <exception cref="T:Xamarin.Messaging.Exceptions.MessagingException">MessagingException</exception>
            <exception cref="T:Xamarin.Messaging.Exceptions.ReceiverNotFoundException">ReceiverNotFoundException</exception>
            <exception cref="T:Xamarin.Messaging.Exceptions.ClientDisconnectedException">ClientDisconnectedException</exception>
            <exception cref="T:Xamarin.Messaging.Exceptions.MessagingRemoteException">MessagingRemoteException</exception>
        </member>
        <member name="M:Xamarin.Messaging.Client.MessagingClient.PostAsync``1(``0,System.Boolean,System.Int32)">
            <exception cref="T:Xamarin.Messaging.Exceptions.MessagingException">MessagingException</exception>
            <exception cref="T:Xamarin.Messaging.Exceptions.ReceiverNotFoundException">ReceiverNotFoundException</exception>
            <exception cref="T:Xamarin.Messaging.Exceptions.ClientDisconnectedException">ClientDisconnectedException</exception>
            <exception cref="T:Xamarin.Messaging.Exceptions.MessagingRemoteException">MessagingRemoteException</exception>
        </member>
        <member name="M:Xamarin.Messaging.Client.MessagingClient.PostAsync``1(``0,System.Threading.CancellationToken,System.Boolean,System.Int32)">
            <exception cref="T:Xamarin.Messaging.Exceptions.MessagingException">MessagingException</exception>
            <exception cref="T:Xamarin.Messaging.Exceptions.ReceiverNotFoundException">ReceiverNotFoundException</exception>
            <exception cref="T:Xamarin.Messaging.Exceptions.ClientDisconnectedException">ClientDisconnectedException</exception>
            <exception cref="T:Xamarin.Messaging.Exceptions.MessagingRemoteException">MessagingRemoteException</exception>
        </member>
        <member name="M:Xamarin.Messaging.Client.MessagingClient.ReplyAsync``2(Xamarin.Messaging.Client.IRequest{``0},Xamarin.Messaging.MessagePriority,System.Func{System.Threading.Tasks.Task{``1}})">
            <exception cref="T:Xamarin.Messaging.Exceptions.MessagingException">MessagingException</exception>
        </member>
        <member name="M:Xamarin.Messaging.Client.MessagingClient.ReplyAsync``2(Xamarin.Messaging.Client.IRequest{``0},System.Func{System.Threading.Tasks.Task{``1}})">
            <exception cref="T:Xamarin.Messaging.Exceptions.MessagingException">MessagingException</exception>
        </member>
        <member name="M:Xamarin.Messaging.Client.MessagingClient.ReplyAsync``1(Xamarin.Messaging.Client.IRequest{``0},Xamarin.Messaging.MessagePriority,System.Func{System.Threading.Tasks.Task})">
            <exception cref="T:Xamarin.Messaging.Exceptions.MessagingException">MessagingException</exception>
        </member>
        <member name="M:Xamarin.Messaging.Client.MessagingClient.ReplyAsync``1(Xamarin.Messaging.Client.IRequest{``0},System.Func{System.Threading.Tasks.Task})">
            <exception cref="T:Xamarin.Messaging.Exceptions.MessagingException">MessagingException</exception>
        </member>
        <member name="M:Xamarin.Messaging.Client.MessagingClient.ThrowAsync``1(``0)">
            <exception cref="T:Xamarin.Messaging.Exceptions.MessagingException">MessagingException</exception>
        </member>
        <member name="M:Xamarin.Messaging.Client.MessagingConnection.ConnectAsync(System.Boolean)">
            <exception cref="T:Xamarin.Messaging.Exceptions.MessagingException">MessagingException</exception>
        </member>
        <member name="M:Xamarin.Messaging.Client.MessagingReceiver.GetMessageReceiverAsync``1(System.String,Xamarin.Messaging.MessagePriority)">
            <exception cref="T:Xamarin.Messaging.Exceptions.MessagingException">MessagingException</exception>
        </member>
        <member name="M:Xamarin.Messaging.Client.MessagingReceiver.GetMessageReceiverAsync``1(System.String)">
            <exception cref="T:Xamarin.Messaging.Exceptions.MessagingException">MessagingException</exception>
        </member>
        <member name="M:Xamarin.Messaging.Client.MessagingReceiver.GetMessageReceiverAsync``1">
            <exception cref="T:Xamarin.Messaging.Exceptions.MessagingException">MessagingException</exception>
        </member>
        <member name="M:Xamarin.Messaging.Client.MessagingReceiver.GetRequestReceiverAsync``1(System.String,Xamarin.Messaging.MessagePriority)">
            <exception cref="T:Xamarin.Messaging.Exceptions.MessagingException">MessagingException</exception>
        </member>
        <member name="M:Xamarin.Messaging.Client.MessagingReceiver.GetRequestReceiverAsync``1(System.String)">
            <exception cref="T:Xamarin.Messaging.Exceptions.MessagingException">MessagingException</exception>
        </member>
        <member name="M:Xamarin.Messaging.Client.MessagingReceiver.GetRequestReceiverAsync``1">
            <exception cref="T:Xamarin.Messaging.Exceptions.MessagingException">MessagingException</exception>
        </member>
        <member name="M:Xamarin.Messaging.Client.MessagingReceiver.GetLastWillReceiverAsync">
            <exception cref="T:Xamarin.Messaging.Exceptions.MessagingException">MessagingException</exception>
        </member>
        <member name="M:Xamarin.Messaging.Client.MessagingReceiver.GetExceptionReceiverAsync(System.String)">
            <exception cref="T:Xamarin.Messaging.Exceptions.MessagingException">MessagingException</exception>
        </member>
        <member name="M:Xamarin.Messaging.Client.MessagingReceiver.GetExceptionReceiverAsync">
            <exception cref="T:Xamarin.Messaging.Exceptions.MessagingException">MessagingException</exception>
        </member>
        <member name="T:Xamarin.Messaging.Client.Properties.Resources">
            <summary>
              A strongly-typed resource class, for looking up localized strings, etc.
            </summary>
        </member>
        <member name="P:Xamarin.Messaging.Client.Properties.Resources.ResourceManager">
            <summary>
              Returns the cached ResourceManager instance used by this class.
            </summary>
        </member>
        <member name="P:Xamarin.Messaging.Client.Properties.Resources.Culture">
            <summary>
              Overrides the current thread's CurrentUICulture property for all
              resource lookups using this strongly typed resource class.
            </summary>
        </member>
        <member name="P:Xamarin.Messaging.Client.Properties.Resources.Agent_Connecting">
            <summary>
              Looks up a localized string similar to Connecting Agent to the Broker....
            </summary>
        </member>
        <member name="P:Xamarin.Messaging.Client.Properties.Resources.Agent_Initializing">
            <summary>
              Looks up a localized string similar to Initializing Agent context....
            </summary>
        </member>
        <member name="P:Xamarin.Messaging.Client.Properties.Resources.Agent_MonitorCompletion_Unresponsive">
            <summary>
              Looks up a localized string similar to {0} is unresponsive, the connection will be closed.
            </summary>
        </member>
        <member name="P:Xamarin.Messaging.Client.Properties.Resources.Agent_RegisterHandler_Error">
            <summary>
              Looks up a localized string similar to An error occurred while registering a handler for &apos;{0}&apos; messages, so all the content sent to the topic &apos;{1}&apos; will not be handled in this active connection.
            </summary>
        </member>
        <member name="P:Xamarin.Messaging.Client.Properties.Resources.Agent_RegisterHandler_Info">
            <summary>
              Looks up a localized string similar to Registering message handler for message type: {0}.
            </summary>
        </member>
        <member name="P:Xamarin.Messaging.Client.Properties.Resources.Agent_RegisteringHandlers">
            <summary>
              Looks up a localized string similar to Registering Agent message handlers....
            </summary>
        </member>
        <member name="P:Xamarin.Messaging.Client.Properties.Resources.Agent_Shutdown">
            <summary>
              Looks up a localized string similar to Shutting down....
            </summary>
        </member>
        <member name="P:Xamarin.Messaging.Client.Properties.Resources.Agent_Started">
            <summary>
              Looks up a localized string similar to {0} {1} started successfully.
            </summary>
        </member>
        <member name="P:Xamarin.Messaging.Client.Properties.Resources.Agent_Starting">
            <summary>
              Looks up a localized string similar to Starting: {0} {1} ( PID = {2} ).
            </summary>
        </member>
        <member name="P:Xamarin.Messaging.Client.Properties.Resources.Agent_Stopping">
            <summary>
              Looks up a localized string similar to Stopping: {0}.
            </summary>
        </member>
        <member name="P:Xamarin.Messaging.Client.Properties.Resources.AgentConsoleRunner_ConnectFailed">
            <summary>
              Looks up a localized string similar to Failed to connect agent {0} to the Broker.
            </summary>
        </member>
        <member name="P:Xamarin.Messaging.Client.Properties.Resources.AgentConsoleRunner_Error">
            <summary>
              Looks up a localized string similar to An unexpected error occurred and the agent &apos;{0} {1}&apos; will be terminated.
            </summary>
        </member>
        <member name="P:Xamarin.Messaging.Client.Properties.Resources.AgentConsoleRunner_Finished">
            <summary>
              Looks up a localized string similar to The connection to the Broker has been lost, the Agent should terminate.
            </summary>
        </member>
        <member name="P:Xamarin.Messaging.Client.Properties.Resources.AgentConsoleRunner_Starting">
            <summary>
              Looks up a localized string similar to Starting {0} {1}....
            </summary>
        </member>
        <member name="P:Xamarin.Messaging.Client.Properties.Resources.ApplicationMessageBuilder_SenderIdRequired">
            <summary>
              Looks up a localized string similar to SenderId field is required to build an Application Message.
            </summary>
        </member>
        <member name="P:Xamarin.Messaging.Client.Properties.Resources.ApplicationMessageBuilder_TopicRequired">
            <summary>
              Looks up a localized string similar to Topic field is required to build an Application Message.
            </summary>
        </member>
        <member name="P:Xamarin.Messaging.Client.Properties.Resources.ApplicationMessageExtensions_ContentSerializerError">
            <summary>
              Looks up a localized string similar to A problem occurred while deserializing the content of an Application Message for topic {0}.
            </summary>
        </member>
        <member name="P:Xamarin.Messaging.Client.Properties.Resources.ApplicationMessageExtensions_ExceptionSerializerError">
            <summary>
              Looks up a localized string similar to A problem occurred while deserializing an error message for topic {0}.
            </summary>
        </member>
        <member name="P:Xamarin.Messaging.Client.Properties.Resources.ApplicationMessageExtensions_HeaderSerializerError">
            <summary>
              Looks up a localized string similar to A problem occurred while deserializing the header of a Messaging payload.
            </summary>
        </member>
        <member name="P:Xamarin.Messaging.Client.Properties.Resources.ApplicationMessageExtensions_IncompatibleContentType">
            <summary>
              Looks up a localized string similar to Payload Type {0} is incompatible with the requested content type {1}.
            </summary>
        </member>
        <member name="P:Xamarin.Messaging.Client.Properties.Resources.BrokerAgentInProcess_ActiveClients">
            <summary>
              Looks up a localized string similar to Active Clients: {0}.
            </summary>
        </member>
        <member name="P:Xamarin.Messaging.Client.Properties.Resources.BrokerAgentInProcess_AgentRegistered">
            <summary>
              Looks up a localized string similar to Agent registered: {0}.
            </summary>
        </member>
        <member name="P:Xamarin.Messaging.Client.Properties.Resources.BrokerAgentInProcess_ClientConnected">
            <summary>
              Looks up a localized string similar to The client &apos;{0}&apos; has been connected.
            </summary>
        </member>
        <member name="P:Xamarin.Messaging.Client.Properties.Resources.BrokerAgentInProcess_ClientDisconnected">
            <summary>
              Looks up a localized string similar to The client &apos;{0}&apos; has been disconnected.
            </summary>
        </member>
        <member name="P:Xamarin.Messaging.Client.Properties.Resources.BrokerAgentInProcess_MainClient_Added">
            <summary>
              Looks up a localized string similar to Main client added: {0}.
            </summary>
        </member>
        <member name="P:Xamarin.Messaging.Client.Properties.Resources.BrokerAgentInProcess_Monitor_Disconnected">
            <summary>
              Looks up a localized string similar to All the main clients are disconnected, hence the broker will be terminated.
            </summary>
        </member>
        <member name="P:Xamarin.Messaging.Client.Properties.Resources.ClientMonitor_NotConnected">
            <summary>
              Looks up a localized string similar to The connection has been lost. The monitoring of client &apos;{0}&apos; cannot continue.
            </summary>
        </member>
        <member name="P:Xamarin.Messaging.Client.Properties.Resources.ClientMonitor_PingAck">
            <summary>
              Looks up a localized string similar to The client &apos;{0}&apos; has acknowledged the ping.
            </summary>
        </member>
        <member name="P:Xamarin.Messaging.Client.Properties.Resources.ClientMonitor_PingNotAck">
            <summary>
              Looks up a localized string similar to The client &apos;{0}&apos; is not responsive, ping not acknowledged after {1} seconds.
            </summary>
        </member>
        <member name="P:Xamarin.Messaging.Client.Properties.Resources.ClientMonitor_PingStarting">
            <summary>
              Looks up a localized string similar to Pinging client &apos;{0}&apos;....
            </summary>
        </member>
        <member name="P:Xamarin.Messaging.Client.Properties.Resources.ExceptionSerializer_CantDeserialize">
            <summary>
              Looks up a localized string similar to The given payload cannot be deserialized as an Exception.
            </summary>
        </member>
        <member name="P:Xamarin.Messaging.Client.Properties.Resources.ExceptionSerializer_Error_OriginalType">
            <summary>
              Looks up a localized string similar to Original Type: {0} - {1}.
            </summary>
        </member>
        <member name="P:Xamarin.Messaging.Client.Properties.Resources.ExceptionSerializer_InvalidType">
            <summary>
              Looks up a localized string similar to The type {0} cannot be serialized or deserialized as an Exception type.
            </summary>
        </member>
        <member name="P:Xamarin.Messaging.Client.Properties.Resources.MessageHandlerManager_MessageHandlerError">
            <summary>
              Looks up a localized string similar to An error occurred while handling a message of type {0}.
            </summary>
        </member>
        <member name="P:Xamarin.Messaging.Client.Properties.Resources.MessageHandlerManager_Register_Error">
            <summary>
              Looks up a localized string similar to An error occurred while registering a message handler for {0}.
            </summary>
        </member>
        <member name="P:Xamarin.Messaging.Client.Properties.Resources.MessageHandlerManager_RegisteringMessageHandler">
            <summary>
              Looks up a localized string similar to Registering message handler &apos;{0}&apos;.
            </summary>
        </member>
        <member name="P:Xamarin.Messaging.Client.Properties.Resources.MessageHandlerManager_RegisteringRequestHandler">
            <summary>
              Looks up a localized string similar to Registering request handler &apos;{0}&apos;.
            </summary>
        </member>
        <member name="P:Xamarin.Messaging.Client.Properties.Resources.MessageHandlerManager_RequestHandlerError">
            <summary>
              Looks up a localized string similar to An error occurred while handling a request of type {0}.
            </summary>
        </member>
        <member name="P:Xamarin.Messaging.Client.Properties.Resources.MessagingClient_ClientStopped">
            <summary>
              Looks up a localized string similar to The client cannot be used because the connection has been disposed.
            </summary>
        </member>
        <member name="P:Xamarin.Messaging.Client.Properties.Resources.MessagingClient_PostCancelled">
            <summary>
              Looks up a localized string similar to The post for client {0} on topic {1} has been cancelled.
            </summary>
        </member>
        <member name="P:Xamarin.Messaging.Client.Properties.Resources.MessagingClient_PostError">
            <summary>
              Looks up a localized string similar to An error occurred on client {0} while executing a post for topic {1}.
            </summary>
        </member>
        <member name="P:Xamarin.Messaging.Client.Properties.Resources.MessagingClient_PostTimeout">
            <summary>
              Looks up a localized string similar to A timeout occurred on client {0} while executing a post for topic {1}.
            </summary>
        </member>
        <member name="P:Xamarin.Messaging.Client.Properties.Resources.MessagingClient_PublishIncomplete">
            <summary>
              Looks up a localized string similar to The client {0} has been disconnected while waiting a post response to topic {1}.
            </summary>
        </member>
        <member name="P:Xamarin.Messaging.Client.Properties.Resources.MessagingClient_PublishReceiverError">
            <summary>
              Looks up a localized string similar to An error occurred on the receiver while executing a post for topic {0} and client {1}.
            </summary>
        </member>
        <member name="P:Xamarin.Messaging.Client.Properties.Resources.MessagingClient_ReceivedResponse">
            <summary>
              Looks up a localized string similar to Received Response of {0} to topic {1}.
            </summary>
        </member>
        <member name="P:Xamarin.Messaging.Client.Properties.Resources.MessagingClient_ReceiverNotFound">
            <summary>
              Looks up a localized string similar to Client {0} - There was an error while posting a message to topic {1}. There were no receiver listening to that topic..
            </summary>
        </member>
        <member name="P:Xamarin.Messaging.Client.Properties.Resources.MessagingClient_ReplyError">
            <summary>
              Looks up a localized string similar to An error occurred on client {0} while executing a reply for topic {1}.
            </summary>
        </member>
        <member name="P:Xamarin.Messaging.Client.Properties.Resources.MessagingClient_SendError">
            <summary>
              Looks up a localized string similar to An error occurred on client {0} while executing a send for topic {1}.
            </summary>
        </member>
        <member name="P:Xamarin.Messaging.Client.Properties.Resources.MessagingClient_SendingMessage">
            <summary>
              Looks up a localized string similar to Sending Message {0} to topic {1}.
            </summary>
        </member>
        <member name="P:Xamarin.Messaging.Client.Properties.Resources.MessagingClient_SendingReply">
            <summary>
              Looks up a localized string similar to Sending Reply {0} to topic {1}.
            </summary>
        </member>
        <member name="P:Xamarin.Messaging.Client.Properties.Resources.MessagingClient_SendingRequest">
            <summary>
              Looks up a localized string similar to Sending Request {0} to topic {1}.
            </summary>
        </member>
        <member name="P:Xamarin.Messaging.Client.Properties.Resources.MessagingClient_SubscribeError">
            <summary>
              Looks up a localized string similar to There was an error while trying to subscribe to response topic {0}.
            </summary>
        </member>
        <member name="P:Xamarin.Messaging.Client.Properties.Resources.MessagingClient_SubscribeIncomplete">
            <summary>
              Looks up a localized string similar to A subscription to response topic {0} couldn&apos;t be completed.
            </summary>
        </member>
        <member name="P:Xamarin.Messaging.Client.Properties.Resources.MessagingClient_ThrowError">
            <summary>
              Looks up a localized string similar to An error occurred on client {0} while throwing a remote exception for topic {1}.
            </summary>
        </member>
        <member name="P:Xamarin.Messaging.Client.Properties.Resources.MessagingClient_ThrowingException">
            <summary>
              Looks up a localized string similar to Throwing remote exception {0} to topic {1}.
            </summary>
        </member>
        <member name="P:Xamarin.Messaging.Client.Properties.Resources.MessagingClient_UnderlyingClientDisconnected">
            <summary>
              Looks up a localized string similar to No operation can be performed on client {0} because the underlying MQTT client was disconnected.
            </summary>
        </member>
        <member name="P:Xamarin.Messaging.Client.Properties.Resources.MessagingConnection_ClientAlreadyConnected">
            <summary>
              Looks up a localized string similar to The connection is already started and couldn&apos;t be started again.
            </summary>
        </member>
        <member name="P:Xamarin.Messaging.Client.Properties.Resources.MessagingConnection_ConnectionIncomplete">
            <summary>
              Looks up a localized string similar to The connection of the client {0} couldn&apos;t be completed.
            </summary>
        </member>
        <member name="P:Xamarin.Messaging.Client.Properties.Resources.MessagingConnection_Disconnected_Error">
            <summary>
              Looks up a localized string similar to The underlying MQTT connection has been disconnected because of an unexpected error. Details: {0}.
            </summary>
        </member>
        <member name="P:Xamarin.Messaging.Client.Properties.Resources.MessagingConnection_Disconnected_Remote">
            <summary>
              Looks up a localized string similar to The underlying MQTT connection has been disconnected by the remote host..
            </summary>
        </member>
        <member name="P:Xamarin.Messaging.Client.Properties.Resources.MessagingConnection_Disconnected_Self">
            <summary>
              Looks up a localized string similar to The underlying MQTT connection has been closed..
            </summary>
        </member>
        <member name="P:Xamarin.Messaging.Client.Properties.Resources.MessagingConnection_DisconnectingMqtt">
            <summary>
              Looks up a localized string similar to Closing the underlying MQTT connection....
            </summary>
        </member>
        <member name="P:Xamarin.Messaging.Client.Properties.Resources.MessagingConnection_Dispose_Error">
            <summary>
              Looks up a localized string similar to An unexpected error occurred while disposing the Messaging connection..
            </summary>
        </member>
        <member name="P:Xamarin.Messaging.Client.Properties.Resources.MessagingConnection_DisposingReferences">
            <summary>
              Looks up a localized string similar to Disposing Messaging connection references....
            </summary>
        </member>
        <member name="P:Xamarin.Messaging.Client.Properties.Resources.MessagingConnection_UnderlyingClientError">
            <summary>
              Looks up a localized string similar to There was an error while trying to connect the client {0} to the Server..
            </summary>
        </member>
        <member name="P:Xamarin.Messaging.Client.Properties.Resources.MessagingReceiver_ClientStopped">
            <summary>
              Looks up a localized string similar to The context cannot be used because the Client has been stopped..
            </summary>
        </member>
        <member name="P:Xamarin.Messaging.Client.Properties.Resources.MessagingReceiver_SubscribeError">
            <summary>
              Looks up a localized string similar to There was an error while trying to subscribe to topic {0}.
            </summary>
        </member>
        <member name="P:Xamarin.Messaging.Client.Properties.Resources.MessagingReceiver_SubscribeIncomplete">
            <summary>
              Looks up a localized string similar to A subscription to topic {0} couldn&apos;t be completed.
            </summary>
        </member>
        <member name="P:Xamarin.Messaging.Client.Properties.Resources.MessagingReceiver_UnderlyingClientDisconnected">
            <summary>
              Looks up a localized string similar to No operation can be performed on client {0} because the underlying client was disconnected.
            </summary>
        </member>
        <member name="P:Xamarin.Messaging.Client.Properties.Resources.MessagingReceiver_UnsubscribeError">
            <summary>
              Looks up a localized string similar to There was an error while trying to unsubscribe the topic {0}.
            </summary>
        </member>
        <member name="P:Xamarin.Messaging.Client.Properties.Resources.MessagingServer_Starting">
            <summary>
              Looks up a localized string similar to Starting Messaging Server....
            </summary>
        </member>
        <member name="P:Xamarin.Messaging.Client.Properties.Resources.PingHandler_Received">
            <summary>
              Looks up a localized string similar to {0} received ping. Sending acknowledge....
            </summary>
        </member>
        <member name="P:Xamarin.Messaging.Client.Properties.Resources.RequestHandler_WrongType">
            <summary>
              Looks up a localized string similar to Contract must be of type &apos;{0}&apos;.
            </summary>
        </member>
        <member name="P:Xamarin.Messaging.Client.Properties.Resources.StringSerializer_InvalidType">
            <summary>
              Looks up a localized string similar to The type {0} cannot be serialized or deserialized as an string.
            </summary>
        </member>
        <member name="T:Xamarin.Messaging.Client.Serialization.VersionJsonConverter">
            <summary>
            If this converter is not used then new Version(1,1) does not work
            because by default the serializer will try to create a Version instance
            using the -1 value for the Revision and Build parts and it's not valid.
            
            So we need to serialize and deserialize only the values that have been set (!= -1) and
            ignore the others (== -1). 
            </summary>
        </member>
        <member name="M:Xamarin.Messaging.Server.MessagingServer.#ctor(System.Int32)">
            <summary>
            Initializes a new instance of the Messaging Server
            </summary>
            <param name="port">Port where the server will be listening. No port or 0 means the server will run in process with no TCP binding</param>
        </member>
        <member name="T:Xamarin.ThisAssembly">
            <summary>Provides access to the current assembly information.</summary>
        </member>
        <member name="F:Xamarin.ThisAssembly.SimpleVersion">
            <summary>
            Simple release-like version number, like 4.0.1 for a cycle 5, SR1 build.
            </summary>
        </member>
        <member name="F:Xamarin.ThisAssembly.Version">
            <summary>
            Full version, including commits since base version file, like 4.0.1.598
            </summary>
        </member>
        <member name="F:Xamarin.ThisAssembly.InformationalVersion">
            <summary>
            Full version, plus branch and commit short sha.
            </summary>
        </member>
        <member name="T:Xamarin.ThisAssembly.Git">
            <summary>Provides access to the git information for the current assembly.</summary>
        </member>
        <member name="F:Xamarin.ThisAssembly.Git.IsDirty">
            <summary>IsDirty: true</summary>
        </member>
        <member name="F:Xamarin.ThisAssembly.Git.IsDirtyString">
            <summary>IsDirtyString: true</summary>
        </member>
        <member name="F:Xamarin.ThisAssembly.Git.RepositoryUrl">
            <summary>Repository URL: https://github.com/xamarin/Xamarin.Messaging</summary>
        </member>
        <member name="F:Xamarin.ThisAssembly.Git.Branch">
            <summary>Branch: main</summary>
        </member>
        <member name="F:Xamarin.ThisAssembly.Git.Commit">
            <summary>Commit: 2cf5032</summary>
        </member>
        <member name="F:Xamarin.ThisAssembly.Git.Sha">
            <summary>Sha: 2cf5032fb824fd7e7c2a0b435d45bf5d83864961</summary>
        </member>
        <member name="F:Xamarin.ThisAssembly.Git.CommitDate">
            <summary>Commit date: 2023-01-24T17:44:46-05:00</summary>
        </member>
        <member name="F:Xamarin.ThisAssembly.Git.Commits">
            <summary>Commits on top of base version: 5</summary>
        </member>
        <member name="F:Xamarin.ThisAssembly.Git.Tag">
            <summary>Tag: </summary>
        </member>
        <member name="F:Xamarin.ThisAssembly.Git.BaseTag">
            <summary>Base tag: </summary>
        </member>
        <member name="T:Xamarin.ThisAssembly.Git.BaseVersion">
            <summary>Provides access to the base version information used to determine the <see cref="T:Xamarin.ThisAssembly.Git.SemVer" />.</summary>      
        </member>
        <member name="F:Xamarin.ThisAssembly.Git.BaseVersion.Major">
            <summary>Major: 1</summary>
        </member>
        <member name="F:Xamarin.ThisAssembly.Git.BaseVersion.Minor">
            <summary>Minor: 9</summary>
        </member>
        <member name="F:Xamarin.ThisAssembly.Git.BaseVersion.Patch">
            <summary>Patch: 0</summary>
        </member>
        <member name="T:Xamarin.ThisAssembly.Git.SemVer">
            <summary>Provides access to SemVer information for the current assembly.</summary>
        </member>
        <member name="F:Xamarin.ThisAssembly.Git.SemVer.Major">
            <summary>Major: 1</summary>
        </member>
        <member name="F:Xamarin.ThisAssembly.Git.SemVer.Minor">
            <summary>Minor: 9</summary>
        </member>
        <member name="F:Xamarin.ThisAssembly.Git.SemVer.Patch">
            <summary>Patch: 5</summary>
        </member>
        <member name="F:Xamarin.ThisAssembly.Git.SemVer.Label">
            <summary>Label: </summary>
        </member>
        <member name="F:Xamarin.ThisAssembly.Git.SemVer.DashLabel">
            <summary>Label with dash prefix: </summary>
        </member>
        <member name="F:Xamarin.ThisAssembly.Git.SemVer.Source">
            <summary>Source: File</summary>
        </member>
        <member name="T:Guard">
            <summary>
            Common guard class for argument validation.
            </summary>
            <nuget id="netfx-Guard" />
        </member>
        <member name="M:Guard.NotNull``1(System.Linq.Expressions.Expression{System.Func{``0}},``0)">
            <summary>
            Ensures the given <paramref name="value"/> is not null.
            Throws <see cref="T:System.ArgumentNullException"/> otherwise.
            </summary>
            <exception cref="T:System.ArgumentException">The <paramref name="value"/> is null.</exception>
        </member>
        <member name="M:Guard.NotNullOrEmpty(System.Linq.Expressions.Expression{System.Func{System.String}},System.String)">
            <summary>
            Ensures the given string <paramref name="value"/> is not null or empty.
            Throws <see cref="T:System.ArgumentNullException"/> in the first case, or
            <see cref="T:System.ArgumentException"/> in the latter.
            </summary>
            <exception cref="T:System.ArgumentException">The <paramref name="value"/> is null or an empty string.</exception>
        </member>
        <member name="M:Guard.IsValid``1(System.Linq.Expressions.Expression{System.Func{``0}},``0,System.Func{``0,System.Boolean},System.String)">
            <summary>
            Ensures the given string <paramref name="value"/> is valid according
            to the <paramref name="validate"/> function. Throws <see cref="T:System.ArgumentNullException"/>
            otherwise.
            </summary>
            <exception cref="T:System.ArgumentException">The <paramref name="value"/> is not valid according
            to the <paramref name="validate"/> function.</exception>
        </member>
        <member name="M:Guard.IsValid``1(System.Linq.Expressions.Expression{System.Func{``0}},``0,System.Func{``0,System.Boolean},System.String,System.Object[])">
            <summary>
            Ensures the given string <paramref name="value"/> is valid according
            to the <paramref name="validate"/> function. Throws <see cref="T:System.ArgumentNullException"/>
            otherwise.
            </summary>
            <exception cref="T:System.ArgumentException">The <paramref name="value"/> is not valid according
            to the <paramref name="validate"/> function.</exception>
        </member>
    </members>
</doc>
